,0
0,–≠—Ç–æ
1,–±—ã–ª–æ
2,–Ω–µ—á—Ç–æ.–ü—Ä–æ—Å—Ç–æ
3,–∫–æ–ª–∞–ø—Å
4,–Ω–∞
5,—Å—Ç–∞–ª—å–Ω—ã—Ö
6,—è–π—Ü–∞—Ö
7,–æ—Ç–ø—Ä–∞–≤–∏–ª
8,–∫–∏—Ç–∞–π—Ü–µ–≤
9,–¥–æ–º–æ–π
10,
11,#TeamSpirit
12,–ú–æ–∏–º
13,–ª—é–±–∏–º—ã–º
14,–≤–æ—Å–ø–æ–º–∏–Ω–∞–Ω–∏–µ–º
15,–∏–∑
16,–¥–µ—Ç—Å—Ç–≤–∞
17,—è–≤–ª—è–µ—Ç—Å—è
18,"—Ç–æ,"
19,—á—Ç–æ
20,—É
21,–º–µ–Ω—è
22,–Ω–µ
23,–±–æ–ª–µ–ª–∞
24,—Å–ø–∏–Ω–∞
25,–∏
26,–Ω–µ
27,–Ω—ã–ª–∏
28,–∫–æ–ª–µ–Ω–∏.
29,–î–æ–±—Ä–æ–µ
30,—É—Ç—Ä–æ
31,‚òÄÔ∏è
32,–ü–æ—Ä–∞
33,–Ω–∞
34,–∑–∞–≤–æ–¥
35,—Ä–∞–±–æ—Ç—è–≥–∏.
36,–ö–∞–∫
37,—É
38,—Ç–µ–±—è
39,–¥–µ–ª–∞?
40,@para_be11um_:
41,–ø–æ–ø—ã—Ç–∫–∞
42,–ª–µ—á—å
43,–¥–æ
44,12
45,—É—Å–ø–µ—à–Ω–æ
46,–ø—Ä–æ–≤–∞–ª–µ–Ω–∞
47,3
48,–º–µ—Å—Ç–æ.23
49,–ü–æ—Ö–æ–∂–µ
50,—á—Ç–æ
51,–∏–∑–∑–∞
52,–æ–≥—Ä–∞–Ω–∏—á–µ–Ω–∏–π
53,–ø–æ–µ–∑–¥–∫–∞
54,–≤
55,–∫–∞–∑–∞–Ω—å
56,–æ—Ç–∫–ª–∞–¥—ã–≤–∞–µ—Ç—Å—è
57,–≠—Ç–æ
58,—è
59,–ø–∏–ª
60,–ø–∏–≤–æ.
61,–°–µ–π—á–∞—Å
62,—É–∂–µ
63,—Ç—Ä–µ–∑–≤—ã–π
64,–ø–æ—Ä–∞–¥–æ–≤–∞–ª
65,—Å–µ–±—è
66,–ø–∞—Ä–æ–π
67,—Å—Ç–æ–ø–æ–∫
68,—Å–∞–º–æ–≥–æ–Ω–∞.
69,üòâüëâüèª–î–∞–≤–∞–π—Ç–µ
70,–ø–æ–∏–≥—Ä–∞–µ–º!
71,
72,–ù–∞–ø–∏—à–∏
73,—Ñ—Ä–∞–∑—É
74,"""–≠—Ç–æ–π"
75,–∑–∏–º–æ–π
76,—è
77,"–±—É–¥—É‚Ä¶"","
78,–∞
79,–¥–∞–ª—å—à–µ
80,–ø—É—Å—Ç—å
81,–ø—Ä–æ–¥–æ–ª–∂–∏—Ç
82,–¢9
83,üòÇ
84,–°–µ–≥–æ–¥–Ω—è
85,—Ö–æ–¥–∏–ª
86,–≤
87,—Ç–µ–∞—Ç—Ä
88,–º–µ—Ä—Ç–≤—ã—Ö
89,–∫—É–∫–æ–ª.–≠—Ç–æ
90,—â–µ–¥–µ–≤—Ä.
91,@pgolod:
92,–Ω–µ—Å–∏—Ç–µ
93,–Ω–æ–≤–æ–µ
94,"–≥–æ—Ä–ª–æ,"
95,—ç—Ç–æ–º—É
96,—É–∂–µ
97,–ø–∏–∑–¥–µ—Ü
98,–ü—É—à–∫–∞
99,–æ—Ç
100,Shadow
101,of
102,Intent.–í—Å–µ
103,–∂–¥–∞–ª
104,–∫–æ–≥–¥–∞
105,—É
106,–±–∞—Ä–∞–±–∞–Ω—â–∏–∫–∞
107,–∑–∞–≥–æ—Ä—è—Ç—Å—è
108,"–≤–æ–ª–æ—Å—ã,"
109,–Ω–æ
110,—É–≤—ã
111,2
112,–º–µ—Å—Ç–æ.24
113,–Ø
114,–Ω–µ
115,—Ö–æ—á—É
116,"—Ä–∞–±–æ—Ç–∞—Ç—å,"
117,—è
118,—Å–æ–∑–¥–∞–Ω
119,–¥–ª—è
120,–ø—Ä–µ–∫—Ä–∞—Å–Ω–æ–≥–æ...
121,5
122,–º–µ—Å—Ç–æ.18
123,—É—Ç—Ä–µ–Ω–Ω–∏–π
124,–º—É–¥
125,–Ω–µ—Å–∏—Ç–µ
126,–Ω–æ–≤–æ–µ
127,"–≥–æ—Ä–ª–æ,"
128,—ç—Ç–æ–º—É
129,—É–∂–µ
130,–ø–∏–∑–¥–µ—Ü
131,–ù–µ
132,–≤–∏–Ω–∏
133,–∑–µ—Ä–∫–∞–ª–æ
134,–ê–∫—Ç–∏–≤–Ω–æ—Å—Ç—å
135,–≤—Ä–æ–¥–µ
136,–≤–µ—Ä–Ω—É–ª–æ—Å—å.
137,–í—Å–µ—Ö
138,–æ–±–Ω—è–ª
139,‚òùÔ∏èüòç
140,–≤—Å–µ.@Kanako32Kanako
141,–ø–æ–∫–∞.
142,@pgolod:
143,–£
144,–º–µ–Ω—è
145,–≤
146,—Å–µ–π—á–∞—Å
147,–≤
148,–±–∏–±–ª–∏–æ—Ç–µ–∫–µ
149,587
150,–ª—é–±–∏–º—ã—Ö
151,—Ç—Ä–µ–∫–æ–≤.–ì–æ—Ç–æ–≤
152,–ø–æ–¥–µ–ª–∏—Ç—å—Å—è.–í—ã
153,–≤
154,—Ä–µ–ø–ª–∞–π
155,–æ—Ç–ø—Ä–∞–≤–ª—è–µ—Ç–µ
156,—á–∏—Å–ª–æ
157,–æ—Ç
158,1
159,–¥–æ
160,587.–Ø
161,–≤–∞–º
162,–æ—Ç–ø—Ä–∞–≤–ª—è—é
163,—Ç‚Ä¶
164,–æ–≤—Å—è–Ω—ã–π
165,–±–ª–∏–Ω
166,—Å
167,2
168,—Å–æ—Å–∏—Å–∫–∞–º–∏
169,–∏
170,–ª–æ–º—Ç–∏–∫–æ–º
171,–ø–ª–∞–≤–ª–µ–Ω–æ–≥–æ
172,—Å—ã—Ä–∞
173,—ç—Ç–æ
174,—Ä–∞–∑—Ä—ã–≤
175,–∂–µ–ª—É–¥–∫–∞
176,–î–µ–≤—É—à–∫–∞
177,–ø–æ–∫–∞
178,—á—Ç–æ
179,–Ω–µ
180,"–∫–æ—Ä–æ–Ω–æ–≤–∞–Ω–∞,"
181,–∂–¥–µ–º
182,–≤—Ç–æ—Ä–æ–≥–æ
183,—Ç–µ—Å—Ç–∞.
184,–ù–æ
185,–≤—Ç–æ—Ä–æ–π
186,–¥–µ–Ω—å
187,–ø–µ—Ä–µ–æ–¥–∏—á–µ—Å–∫–∏
188,39.5
189,–ü—Ä–∏–æ–±—â–∞—é
190,—Å–æ—Å–µ–¥–µ–π
191,–∫
192,–ø—Ä–∞–≤–∏–ª—å–Ω–æ–π
193,–º—É–∑—ã–∫–µ
194,@pgolod:
195,üòâüëâüèª–î–∞–≤–∞–π—Ç–µ
196,–ø–æ–∏–≥—Ä–∞–µ–º!
197,
198,–ù–∞–ø–∏—à–∏
199,—Ñ—Ä–∞–∑—É
200,"""–≠—Ç–æ–π"
201,–∑–∏–º–æ–π
202,—è
203,"–±—É–¥—É‚Ä¶"","
204,–∞
205,–¥–∞–ª—å—à–µ
206,–ø—É—Å—Ç—å
207,–ø—Ä–æ–¥–æ–ª–∂–∏—Ç
208,–¢9
209,üòÇ
210,–ö–æ—à–∫–∞
211,–Ω–æ—á—å—é:
212,
213,
214,
215,
216,
217,
218,
219,
220,
221,
222,
223,
224,
225,
226,
227,
228,
229,
230,
231,.
232,.
233,–ø–æ–ª—É—Ä–µ—Å—Ç
234,—ç—Ç–æ
235,–∑–∞–≤—É–∞–ª–∏—Ä–æ–≤–∞–Ω–Ω—ã–π
236,–ø–æ–ª—É–ø–æ–∫–µ—Ä?
237,–Ø
238,–∫–æ–Ω–µ—á–Ω–æ
239,–ª—é–±–ª—é
240,—Å–≤–æ—é
241,"—Ä–∞–±–æ—Ç—É,"
242,–Ω–æ
243,–Ω–∞–∫–æ–Ω–µ—Ü
244,—Ç–æ
245,–≤—ã—Ö–æ–¥–Ω—ã–µ
246,"—Ç—Ä–µ–∫,"
247,—Å–æ
248,—Å–≤–æ–µ–π
249,–∏–∑—é–º–∏–Ω–∫–æ–π
250,—Ñ–æ–Ω–∞—Ä—å
251,–≤
252,–µ–±–ª–æ
253,:)
254,–í–µ—á–µ—Ä
255,–ø—è—Ç–Ω–∏—Ü—ã.
256,–ü–æ—á–µ–º—É
257,—è
258,–µ—â–µ
259,—Ç—Ä–µ–∑–≤—ã–π?
260,–æ—á–µ–Ω—å
261,—Ä–∞–∑–±–∏—Ç–æ–µ
262,"—Å–æ—Å—Ç–æ—è–Ω–∏–µ,"
263,–≥–æ–ª–æ–≤–∞
264,–Ω–µ
265,—Å–æ–æ–±—Ä–∞–∂–∞–µ—Ç
266,–≤–æ—Ç
267,–∏
268,—É
269,–º–µ–Ω—è
270,"38,1"
271,üå°Ô∏èüå°Ô∏èüå°Ô∏è–¥–æ–±—Ä—ã–π
272,–≤–µ—á–µ—Ä
273,‚ò∫Ô∏è
274,LGD
275,SOSATTEAM
276,SPIRIT
277,GG.–í–ø–µ—Ä–≤—ã–µ
278,–∑–∞
279,10
280,–ª–µ—Ç
281,—Å–Ω–≥
282,–≤—ã–π–≥—Ä–∞–ª–∏
283,–Ω–∞
284,the
285,International
286,–ì–æ—Ä–ª–æ
287,–±–æ–ª–∏—Ç
288,:—Å
289,–ê
290,—á–µ
291,–≤—ã
292,"–ª–∞–π–∫–∞–µ—Ç–µ,"
293,—è
294,–Ω–∏
295,–µ—Å—Ç—å
296,–Ω–∏
297,–ø–∏—Ç—å
298,–Ω–µ
299,–º–æ–≥—É
300,–î–æ–±—Ä–æ–µ
301,—É—Ç—Ä–æ
302,–≤—Å–µ–º
303,–∫—Ç–æ
304,—Å–ø–∏—Ç
305,–≤
306,–∫—Ä–æ–≤–∞—Ç–∏
307,@MaxZimenkoff:
308,–†–ï–ë–Ø–¢–ê
309,–ê–•–ê–•–í–•–ê–•–ê–•–ê–ê–•
310,#TI10
311,#TeamSpirit
312,–ö–∞–µ—Ñ
313,–Ω–∞–∫–æ–Ω–µ—Ü
314,—Ç–æ
315,–ø–æ–¥–≤–µ–∑–ª–∏
316,–ø–æ–¥–∫–∞—Å—Ç—ã
317,–≤
318,spotify.–ù–µ
319,–Ω—É–∂–Ω–æ
320,–º–µ—Ç–∞—Ç—å—Å—è
321,–±–æ–ª—å—à–µ
322,–º–µ–∂–¥—É
323,–Ω–µ—Å–∫–æ–ª—å–∫–∏–º–∏
324,—Å–µ—Ä–≤–∏—Å–∞–º–∏
325,7
326,–º–µ—Å—Ç–æ.13
327,8-9
328,–º–µ—Å—Ç–æ.12
329,–ø—Ä–æ—Å–ª—É—à–∏–≤–∞–Ω–∏–π
330,–£
331,–¥–µ–≤—É—à–∫–∏
332,—Ç–µ–º–ø–µ—Ä–∞—Ç—É—Ä–∞
333,"38,3–ü–µ–∑–¥–µ—Ü.:C"
334,@para_be11um_
335,—Ç–µ–±–µ
336,–ø–æ–Ω—Ä–∞–≤–∏—Ç—Å—è
337,–î–æ–±—Ä—ã–π
338,–≤–µ—á–µ—Ä
339,@para_be11um_
340,–æ–∑–Ω–∞–∫–æ–º—å—Å—è
341,@sophia111188:
342,@Meow_wow_meow
343,–õ—é–±–ª—é
344,–¢–≤–∏—Ç—Ç–µ—Ä:
345,—Ç—É—Ç
346,–≤—Å–µ
347,–∂–∞–ª–∫–∏–µ
348,–Ω–µ—É–¥–∞—á–Ω–∏–∫–∏
349,–ª–µ—á—É
350,–≤
351,–Ω–æ—è–±—Ä–µ
352,–≤
353,–ö–∞–∑–∞–Ω—å.–∫—É–¥–∞
354,—Ç–∞–º
355,–º–æ–∂–Ω–æ
356,—Å—Ö–æ–¥–∏—Ç—å?
357,–î–æ–±—Ä–æ–µ
358,—É—Ç—Ä–æ.
359,–£
360,—Ç–µ–±—è
361,–≤—Å–µ
362,–ø–æ–ª—É—á–∏—Ç—Å—è
363,.
364,–ò—Å–ø–æ–≤–µ–¥—É—é
365,—Ä–µ–ª–∏–≥–∏—é
366,–æ–±–∂–æ—Ä–∏–∞–Ω—Å—Ç–≤–æ
367,üçîüçîüçî
368,–•–æ—á—É
369,–æ—Ä–∞—Ç—å
370,–∏
371,—Å–∫–∞–∫–∞—Ç—å
372,–Ω–∞
373,–∫–æ–Ω—Ü–µ—Ä—Ç–µ
374,Metallica
375,6
376,–º–µ—Å—Ç–æ.14
377,–ì–¥–µ
378,—Ç–æ
379,–ø–æ–ª–≥–æ–¥–∞
380,–Ω–∞–∑–∞–¥
381,—É–º–µ—Ä
382,–º–æ–π
383,–∂–µ—Å—Ç–∫–∏–π
384,–¥–∏—Å–∫
385,—Å
386,–∫–æ–ª–ª–µ–∫—Ü–∏–µ–π
387,–º—É–∑—ã–∫–∏
388,–æ–∫–æ–ª–æ
389,700–ì–ë.–ü–æ—Ç–∏—Ö–æ–Ω—å–∫—É
390,–Ω–∞—á–∏–Ω–∞—é
391,–≤–æ—Å—Å—Ç–∞–Ω–∞–≤–ª–∏–≤–∞—Ç—å.
392,–•–æ—á—É
393,—Å
394,–≤–∞–º–∏
395,–ø–æ–¥–µ–ª–∏—Ç—å—Å—è
396,—Å–≤–æ–∏–º–∏
397,—Ç–æ–ø–∞–º–∏
398,–ø–æ
399,–ø–µ—Å–Ω—è–º–∏
400,–∏
401,–≥—Ä—É–ø–ø–∞–º
402,–≤
403,—Ä–∞–∑—Ä–µ–∑–µ
404,–º–µ—Å—è—Ü–µ–≤.–ï—Å–ª–∏
405,–≤–∞–º
406,–∏–Ω—Ç–µ—Ä–µ—Å–Ω–æ
407,–∫–æ–Ω–µ—á–Ω–æ.–ú–æ–∂–Ω–æ
408,–ø–æ—Å–º‚Ä¶
409,–ö–∞—Ä–æ—á
410,—è
411,–Ω–∞–∫–æ–Ω–µ—Ü
412,—Ç–æ
413,–≤—ã–±—Ä–∞–ª
414,–∫–æ–ª—å—Ü–æ.
415,–î–æ—Å—Ç–æ–π–Ω—ã–π
416,–≤—ã–±–æ—Ä
417,–ë–æ–º–±–∏—á–µ—Å–∫–∏–π
418,—Å–æ–ª—è–∫
419,–∫—Ä–∞—Å–∏–≤—É—é
420,—Ü–∏—Ñ—Ä—É
421,—è
422,–∫–æ–Ω–µ—á–Ω–æ
423,–∂–µ
424,–ø—Ä–æ–µ–±–∞–ª
425,–Ø
426,–º—É–∑—ã–∫–∞–ª—å–Ω—ã–π
427,–∑–∞–¥—Ä–æ—Ç.–¢—Ä–µ–∫–∞—é
428,—á—Ç–æ
429,—è
430,—Å–ª—É—à–∞—é
431,–Ω–∞
432,@lastfm
433,
434,—Å
435,2011
436,–≥–æ–¥–∞.–í
437,2014
438,–≥–æ–¥—É
439,–æ–±–Ω—É–ª–∏–ª
440,—Å—Ç–∞—Ç–∏—Å—Ç–∏–∫—É
441,–∑–∞—á–µ–º
442,—Ç–æ.–ù–æ
443,—Å
444,20‚Ä¶
445,–≠—Ç–æ
446,–≤—Å–µ
447,"—Ö—É–π–Ω—è,"
448,—è
449,—É—Å–Ω—É–ª
450,–≤
451,11
452,–∏
453,–≤—Å—Ç–∞–ª
454,–≤
455,–ø–æ–ª
456,—á–µ—Ç–≤–µ—Ä—Ç–æ–≥–æ.–ù–æ
457,–ø–æ–ø—ã—Ç–∫–∞
458,–±—ã–ª–∞
459,–Ω–æ—Ä–º
460,@Bxaxaxax:
461,@pgolod
462,–≠—Ç–æ–π
463,–∑–∏–º–æ–π
464,—è
465,–±—É–¥—É
466,—Ä–∞–¥–∞
467,—Ç–æ–º—É
468,—á—Ç–æ
469,—è
470,—Ö–æ—á—É
471,—Å–¥–æ—Ö–Ω—É—Ç—å
472,–°–ø–∞—Å–∏–±–æ
473,—Ç9
474,—Å–∞–º—ã–π
475,–ø—Ä–∏–≤–µ—Ç–ª–∏–≤—ã–π
476,—Ç–∏–ø
477,–ø–æ—Ç–æ–º
478,–≤—Å—Ç–∞–≤–∏—Ç
479,—Ç–µ–±–µ
480,–í—Å—Ç–∞—Ç—å
481,–≤
482,—Å—É–±–±–æ—Ç—É
483,–≤
484,—Å–µ–º—å
485,"—É—Ç—Ä–∞,"
486,–∫–æ–≥–¥–∞
487,—Ç—ã
488,–ª–µ–≥
489,–≤
490,–ø—è—Ç—å
491,—É—Ç—Ä–∞
492,–Ω–µ
493,—Ç–∞–∫
494,—É–∂
495,–∏
496,–Ω–µ
497,–ø–ª–æ—Ö–æ
498,–ú–æ–π
499,–ª–∏—á–Ω—ã–π
500,10
501,—Ç–æ–ø
502,—Å–∞–º—ã—Ö
503,–ø—Ä–æ—Å–ª—É—à–∏–≤–∞–µ–º—ã—Ö
504,—Ç—Ä–µ–∫–æ–≤
505,–∑–∞
506,—Å–µ–Ω—Ç—è–±—Ä—å
507,2021
508,–≥–æ–¥–∞
509,–•–æ—á—É
510,–ø—Ä–µ–¥–ª–æ–∂–∏—Ç—å
511,–∫–æ–ª–ª–µ–≥–µ
512,–Ω–∞—á–∞—Ç—å
513,–≤–µ—Å—Ç–∏
514,–∏
515,–ø—Ä–æ–¥–∞–≤–∞—Ç—å
516,–∫—É—Ä—Å
517,¬´–ö–∞–∫
518,–ø–∏—Å–∞—Ç—å
519,–∑–∞–ø—Ä–æ—Å—ã
520,—á—Ç–æ
521,–±—ã
522,–¥–æ–∂–∏—Ç—å
523,—Å–µ—Ä–≤–µ—Ä
524,–Ω–∞
525,–ª–æ–ø–∞—Ç–∫–∏¬ª
526,–≠—Ç–æ—Ç
527,—Ç–≤–∏—Ç
528,—Å–ø–µ—Ü–∏–∞–ª—å–Ω–æ
529,–¥–ª—è
530,–º–æ–µ–π
531,–¥–µ–≤—É—à–∫–∏.
532,–ö–æ—Ç–æ—Ä–∞—è
533,–¥—É–º–∞–µ—Ç
534,—á—Ç–æ
535,—è
536,–µ–±–æ–±–æ
537,–∏
538,–ø–æ—Å—Ç–æ—è–Ω–Ω–æ
539,—Å–∏–∂—É
540,–≤
541,–¢–≤–∏—Ç—Ç–µ—Ä–µ
542,–¥–æ
543,—É—Ç—Ä–∞.
544,–û–±–Ω–∞–∂–∞—é
545,—á—É–≤—Å—Ç–≤–∞
546,–∏
547,–≥–ª–æ—Ç–∞—é
548,—Å–Ω—ã
549,ü•á1
550,–º–µ—Å—Ç–æ.30
551,–∂–∏–∑–Ω—å
552,–ª–µ—Ç–∏—Ç
553,—Ç–∞–∫
554,"–±—ã—Å—Ç—Ä–æ,"
555,–∏
556,—É
557,–º–Ω–æ–≥–∏—Ö
558,–ø–æ
559,–ø–∏–∑–¥–µ..
560,@hmmm_05
561,@huana_crrrrazy@for_publ1c
562,–í—ã
563,"–∫—Ç–æ,"
564,–µ–±–∞—Ç—å
565,–≤–∞—Å
566,–∑–∞
567,–Ω–æ–≥—É?
568,—Ä–∞—Å–ø–ª–∞—á—É—Å—å
569,–ü–∞—Ä—É
570,—Ñ–æ—Ç–æ–∫
571,–æ—Ç—Ç—É–¥–∞
572,–ö–∞–∫
573,–ø–æ–≤–æ–¥–∏—Ç–µ
574,–≤–µ—á–µ—Ä
575,–ø—è—Ç–Ω–∏—Ü—ã
576,–º—ã—Å–ª—è–º–∏
577,–∫—Ä–∏—á–∞—Ç—å
578,–¥—Ä—É–≥
579,–¥—Ä—É–≥—É
580,@Team__Spirit:
581,WE
582,ARE
583,THE
584,INTERNATIONAL
585,10
586,CHAMPIONS
587,üêâIt
588,was
589,an
590,amazing
591,adventure.
592,We
593,thank
594,all
595,the
596,fans
597,for
598,your
599,support!
600,We
601,wouldn't‚Ä¶
602,–ï—â–µ
603,39
604,—Ç—Ä–µ–∫–æ–≤
605,–∏
606,–±—É–¥–µ—Ç
607,200–∫
608,–°–µ–º—å—è
609,–ú–æ–µ–≥–æ
610,–¢–≤–∏—Ç—Ç–µ—Ä–∞:–†–æ–¥–∏—Ç–µ–ª–∏:
611,@hmmm_05
612,@for_publ1cC—É–ø—Ä—É–≥:
613,@Kanako32Kanako–î–µ—Ç–∏:
614,@para_be11um_
615,@huana_crrrrazyv‚Ä¶
616,–£
617,–º–µ–Ω—è
618,–≤
619,—Å–µ–π—á–∞—Å
620,–≤
621,–±–∏–±–ª–∏–æ—Ç–µ–∫–µ
622,587
623,–ª—é–±–∏–º—ã—Ö
624,—Ç—Ä–µ–∫–æ–≤.–ì–æ—Ç–æ–≤
625,–ø–æ–¥–µ–ª–∏—Ç—å—Å—è.–í—ã
626,–≤
627,—Ä–µ–ø–ª–∞–π
628,–æ—Ç–ø—Ä–∞–≤–ª—è–µ—Ç–µ
629,—á–∏—Å–ª–æ
630,–æ—Ç
631,1
632,–¥–æ
633,587.–Ø
634,–≤–∞–º‚Ä¶
635,–ß—Ç–æ
636,—Ç—ã
637,—Ç–∞–∫
638,–≤—Å–µ
639,–ø–æ–µ—Ö–∞–ª–∏
640,–Ω–∞
641,—Å–µ—Ä–∏–∞–ª–µ
642,–ø—Ä–æ
643,–∫–∞–ª—å–º–∞—Ä–∞.
644,–ù—É
645,–∏–ª–∏
646,–∫–∞–∫
647,—Ç–∞–º
648,–µ–≥–æ
649,–°–µ–º—å—è
650,–ú–æ–µ–≥–æ
651,–¢–≤–∏—Ç—Ç–µ—Ä–∞:–†–æ–¥–∏—Ç–µ–ª–∏:
652,@uuummmrrriii
653,@hmmm_05C—É–ø—Ä—É–≥:
654,@mrrssblack–î–µ—Ç–∏:
655,@for_publ1c
656,@para_be11um_via‚Ä¶
657,@pgolod:
658,–¥–∞—Ä—é
659,—Ç–µ–±–µ
660,—Ü–≤–µ—Ç—ã
661,@pgolod:
662,–ö–∞–µ—Ñ
663,–°–∫–æ—Ä–æ
664,–±—É–¥–µ—Ç
665,200–∫
666,–ø—Ä–æ—Å–ª—É—à–∏–≤–∞–Ω–∏–µ
667,–Ω–∞
668,@lastfm
669,–ì–û–°–ü–û–î–ò
670,–ß–¢–û
671,–¢–í–û–†–Ø–¢
672,TEAM
673,SPIRIT.GL
674,GRAND
675,FINAL
676,–∫–∞–∫–∏–º
677,–∂–µ
678,–ª–∞–≥—É—á–∏–º
679,–≥–æ–≤–Ω–æ
680,—Å—Ç–∞–ª–∞
681,visual
682,studio
683,4
684,–º–µ—Å—Ç–æ.22
685,–¥–æ–±—Ä–æ–µ
686,—É—Ç—Ä–æ.
687,–ï–¥–∏–Ω—Å—Ç–≤–µ–Ω–Ω–∞—è
688,–æ—Ç
689,–º–µ–Ω—è
690,–ø–æ–ª—å–∑–∞.–Ø
691,–º–æ–≥—É
692,–∫–∏–¥–∞—Ç—å
693,–º—É–∑—ã–∫—É
694,–∏–Ω—Ç–µ—Ä–µ—Å–Ω—É—é.
695,@pgolod:
696,–•–æ—á—É
697,–æ—Ä–∞—Ç—å
698,–∏
699,—Å–∫–∞–∫–∞—Ç—å
700,–Ω–∞
701,–∫–æ–Ω—Ü–µ—Ä—Ç–µ
702,Metallica
703,8-9
704,–º–µ—Å—Ç–æ.12
705,–ø—Ä–æ—Å–ª—É—à–∏–≤–∞–Ω–∏–π
706,15-23.–î–æ–±—Ä–æ–µ
707,—É—Ç—Ä–æ.–ë—ã–ª–∏
708,–ø–ª–∞–Ω—ã
709,–º–Ω–æ–≥–æ
710,–¥–µ–ª
711,—Å–¥–µ–ª–∞—Ç—å.–í—Å–µ
712,–ø—Ä–æ—Å–ø–∞–ª
713,–ê
714,–≤–æ–æ–±—â–µ
715,–∑–∞
716,—Å–µ–Ω—Ç—è–±—Ä—å
717,—è
718,–ø–æ—Å–ª—É—à–∞–ª
719,3239
720,—Ç—Ä–µ–∫–∞
721,@pgolod:
722,–î–æ—Å—Ç–æ–π–Ω—ã–π
723,–≤—ã–±–æ—Ä
724,–¥–∞—Ä—é
725,—Ç–µ–±–µ
726,—Ü–≤–µ—Ç—ã
727,—á–µ–º
728,–±–ª–∏–∂–µ
729,–∫
730,"–ø—è—Ç–Ω–∏—Ü–µ,"
731,—Ç–µ–º
732,–∂–µ–ª–∞–Ω–∏–µ
733,–Ω–µ
734,–ø—Ä–æ—Å–Ω—É—Ç—å—Å—è
735,‚¨ÜÔ∏è‚¨ÜÔ∏è‚¨ÜÔ∏è
736,@pgolod:
737,–ò—Å–ø–æ–≤–µ–¥—É—é
738,—Ä–µ–ª–∏–≥–∏—é
739,–æ–±–∂–æ—Ä–∏–∞–Ω—Å—Ç–≤–æ
740,üçîüçîüçî
741,–ø—å—é
742,–ø–∏–≤–æ
743,—Å
744,—Ä—ã–±–∫–æ–π.
745,10
746,–º–µ—Å—Ç–æ.11
747,–ø—Ä–æ—Å–ª—É—à–∏–≤–∞–Ω–∏–π
